BarcodeSequence	LinkerPrimerSequence	Primer_Plate	Well_ID
AGCCTTCGTCGC	GTGTGCCAGCMGCCGCGGTAA	1	A1
TCCATACCGGAA	GTGTGCCAGCMGCCGCGGTAA	1	A2
AGCCCTGCTACA	GTGTGCCAGCMGCCGCGGTAA	1	A3
CCTAACGGTCCA	GTGTGCCAGCMGCCGCGGTAA	1	A4
CGCGCCTTAAAC	GTGTGCCAGCMGCCGCGGTAA	1	A5
TATGGTACCCAG	GTGTGCCAGCMGCCGCGGTAA	1	A6
TACAATATCTGT	GTGTGCCAGCMGCCGCGGTAA	1	A7
AATTTAGGTAGG	GTGTGCCAGCMGCCGCGGTAA	1	A8
GACTCAACCAGT	GTGTGCCAGCMGCCGCGGTAA	1	A9
GCCTCTACGTCG	GTGTGCCAGCMGCCGCGGTAA	1	A10
ACTACTGAGGAT	GTGTGCCAGCMGCCGCGGTAA	1	A11
AATTCACCTCCT	GTGTGCCAGCMGCCGCGGTAA	1	A12
CGTATAAATGCG	GTGTGCCAGCMGCCGCGGTAA	1	B1
ATGCTGCAACAC	GTGTGCCAGCMGCCGCGGTAA	1	B2
ACTCGCTCGCTG	GTGTGCCAGCMGCCGCGGTAA	1	B3
TTCCTTAGTAGT	GTGTGCCAGCMGCCGCGGTAA	1	B4
CGTCCGTATGAA	GTGTGCCAGCMGCCGCGGTAA	1	B5
ACGTGAGGAACG	GTGTGCCAGCMGCCGCGGTAA	1	B6
GGTTGCCCTGTA	GTGTGCCAGCMGCCGCGGTAA	1	B7
CATATAGCCCGA	GTGTGCCAGCMGCCGCGGTAA	1	B8
GCCTATGAGATC	GTGTGCCAGCMGCCGCGGTAA	1	B9
CAAGTGAAGGGA	GTGTGCCAGCMGCCGCGGTAA	1	B10
CACGTTTATTCC	GTGTGCCAGCMGCCGCGGTAA	1	B11
TAATCGGTGCCA	GTGTGCCAGCMGCCGCGGTAA	1	B12
TGACTAATGGCC	GTGTGCCAGCMGCCGCGGTAA	1	C1
CGGGACACCCGA	GTGTGCCAGCMGCCGCGGTAA	1	C2
CTGTCTATACTA	GTGTGCCAGCMGCCGCGGTAA	1	C3
TATGCCAGAGAT	GTGTGCCAGCMGCCGCGGTAA	1	C4
CGTTTGGAATGA	GTGTGCCAGCMGCCGCGGTAA	1	C5
AAGAACTCATGA	GTGTGCCAGCMGCCGCGGTAA	1	C6
TGATATCGTCTT	GTGTGCCAGCMGCCGCGGTAA	1	C7
CGGTGACCTACT	GTGTGCCAGCMGCCGCGGTAA	1	C8
AATGCGCGTATA	GTGTGCCAGCMGCCGCGGTAA	1	C9
CTTGATTCTTGA	GTGTGCCAGCMGCCGCGGTAA	1	C10
GAAATCTTGAAG	GTGTGCCAGCMGCCGCGGTAA	1	C11
GAGATACAGTTC	GTGTGCCAGCMGCCGCGGTAA	1	C12
GTGGAGTCTCAT	GTGTGCCAGCMGCCGCGGTAA	1	D1
ACCTTACACCTT	GTGTGCCAGCMGCCGCGGTAA	1	D2
TAATCTCGCCGG	GTGTGCCAGCMGCCGCGGTAA	1	D3
ATCTAGTGGCAA	GTGTGCCAGCMGCCGCGGTAA	1	D4
ACGCTTAACGAC	GTGTGCCAGCMGCCGCGGTAA	1	D5
TACGGATTATGG	GTGTGCCAGCMGCCGCGGTAA	1	D6
ATACATGCAAGA	GTGTGCCAGCMGCCGCGGTAA	1	D7
CTTAGTGCAGAA	GTGTGCCAGCMGCCGCGGTAA	1	D8
AATCTTGCGCCG	GTGTGCCAGCMGCCGCGGTAA	1	D9
AGGATCAGGGAA	GTGTGCCAGCMGCCGCGGTAA	1	D10
AATAACTAGGGT	GTGTGCCAGCMGCCGCGGTAA	1	D11
TATTGCAGCAGC	GTGTGCCAGCMGCCGCGGTAA	1	D12
TGATGTGCTAAG	GTGTGCCAGCMGCCGCGGTAA	1	E1
GTAGTAGACCAT	GTGTGCCAGCMGCCGCGGTAA	1	E2
AGTAAAGATCGT	GTGTGCCAGCMGCCGCGGTAA	1	E3
CTCGCCCTCGCC	GTGTGCCAGCMGCCGCGGTAA	1	E4
TCTCTTTCGACA	GTGTGCCAGCMGCCGCGGTAA	1	E5
ACATACTGAGCA	GTGTGCCAGCMGCCGCGGTAA	1	E6
GTTGATACGATG	GTGTGCCAGCMGCCGCGGTAA	1	E7
GTCAACGCTGTC	GTGTGCCAGCMGCCGCGGTAA	1	E8
TGAGACCCTACA	GTGTGCCAGCMGCCGCGGTAA	1	E9
ACTTGGTGTAAG	GTGTGCCAGCMGCCGCGGTAA	1	E10
ATTACGTATCAT	GTGTGCCAGCMGCCGCGGTAA	1	E11
CACGCAGTCTAC	GTGTGCCAGCMGCCGCGGTAA	1	E12
TGTGCACGCCAT	GTGTGCCAGCMGCCGCGGTAA	1	F1
CCGGACAAGAAG	GTGTGCCAGCMGCCGCGGTAA	1	F2
TTGCTGGACGCT	GTGTGCCAGCMGCCGCGGTAA	1	F3
TACTAACGCGGT	GTGTGCCAGCMGCCGCGGTAA	1	F4
GCGATCACACCT	GTGTGCCAGCMGCCGCGGTAA	1	F5
CAAACGCACTAA	GTGTGCCAGCMGCCGCGGTAA	1	F6
GAAGAGGGTTGA	GTGTGCCAGCMGCCGCGGTAA	1	F7
TGAGTGGTCTGT	GTGTGCCAGCMGCCGCGGTAA	1	F8
TTACACAAAGGC	GTGTGCCAGCMGCCGCGGTAA	1	F9
ACGACGCATTTG	GTGTGCCAGCMGCCGCGGTAA	1	F10
TATCCAAGCGCA	GTGTGCCAGCMGCCGCGGTAA	1	F11
AGAGCCAAGAGC	GTGTGCCAGCMGCCGCGGTAA	1	F12
GGTGAGCAAGCA	GTGTGCCAGCMGCCGCGGTAA	1	G1
TAAATATACCCT	GTGTGCCAGCMGCCGCGGTAA	1	G2
TTGCGGACCCTA	GTGTGCCAGCMGCCGCGGTAA	1	G3
GTCGTCCAAATG	GTGTGCCAGCMGCCGCGGTAA	1	G4
TGCACAGTCGCT	GTGTGCCAGCMGCCGCGGTAA	1	G5
TTACTGTGGCCG	GTGTGCCAGCMGCCGCGGTAA	1	G6
GGTTCATGAACA	GTGTGCCAGCMGCCGCGGTAA	1	G7
TAACAATAATTC	GTGTGCCAGCMGCCGCGGTAA	1	G8
CTTATTAAACGT	GTGTGCCAGCMGCCGCGGTAA	1	G9
GCTCGAAGATTC	GTGTGCCAGCMGCCGCGGTAA	1	G10
TATTTGATTGGT	GTGTGCCAGCMGCCGCGGTAA	1	G11
TGTCAAAGTGAC	GTGTGCCAGCMGCCGCGGTAA	1	G12
CTATGTATTAGT	GTGTGCCAGCMGCCGCGGTAA	1	H1
ACTCCCGTGTGA	GTGTGCCAGCMGCCGCGGTAA	1	H2
CGGTATAGCAAT	GTGTGCCAGCMGCCGCGGTAA	1	H3
GACTCTGCTCAG	GTGTGCCAGCMGCCGCGGTAA	1	H4
GTCATGCTCCAG	GTGTGCCAGCMGCCGCGGTAA	1	H5
TACCGAAGGTAT	GTGTGCCAGCMGCCGCGGTAA	1	H6
TGAGTATGAGTA	GTGTGCCAGCMGCCGCGGTAA	1	H7
AATGGTTCAGCA	GTGTGCCAGCMGCCGCGGTAA	1	H8
GAACCAGTACTC	GTGTGCCAGCMGCCGCGGTAA	1	H9
CGCACCCATACA	GTGTGCCAGCMGCCGCGGTAA	1	H10
GTGCCATAATCG	GTGTGCCAGCMGCCGCGGTAA	1	H11
ACTCTTACTTAG	GTGTGCCAGCMGCCGCGGTAA	1	H12
CTACAGGGTCTC	GTGTGCCAGCMGCCGCGGTAA	2	A1
CTTGGAGGCTTA	GTGTGCCAGCMGCCGCGGTAA	2	A2
TATCATATTACG	GTGTGCCAGCMGCCGCGGTAA	2	A3
CTATATTATCCG	GTGTGCCAGCMGCCGCGGTAA	2	A4
ACCGAACAATCC	GTGTGCCAGCMGCCGCGGTAA	2	A5
ACGGTACCCTAC	GTGTGCCAGCMGCCGCGGTAA	2	A6
TGAGTCATTGAG	GTGTGCCAGCMGCCGCGGTAA	2	A7
ACCTACTTGTCT	GTGTGCCAGCMGCCGCGGTAA	2	A8
ACTGTGACGTCC	GTGTGCCAGCMGCCGCGGTAA	2	A9
CTCTGAGGTAAC	GTGTGCCAGCMGCCGCGGTAA	2	A10
CATGTCTTCCAT	GTGTGCCAGCMGCCGCGGTAA	2	A11
AACAGTAAACAA	GTGTGCCAGCMGCCGCGGTAA	2	A12
GTTCATTAAACT	GTGTGCCAGCMGCCGCGGTAA	2	B1
GTGCCGGCCGAC	GTGTGCCAGCMGCCGCGGTAA	2	B2
CCTTGACCGATG	GTGTGCCAGCMGCCGCGGTAA	2	B3
CAAACTGCGTTG	GTGTGCCAGCMGCCGCGGTAA	2	B4
TCGAGAGTTTGC	GTGTGCCAGCMGCCGCGGTAA	2	B5
CGACACGGAGAA	GTGTGCCAGCMGCCGCGGTAA	2	B6
TCCACAGGGTTC	GTGTGCCAGCMGCCGCGGTAA	2	B7
GGAGAACGACAC	GTGTGCCAGCMGCCGCGGTAA	2	B8
CCTACCATTGTT	GTGTGCCAGCMGCCGCGGTAA	2	B9
TCCGGCGGGCAA	GTGTGCCAGCMGCCGCGGTAA	2	B10
TAATCCATAATC	GTGTGCCAGCMGCCGCGGTAA	2	B11
CCTCCGTCATGG	GTGTGCCAGCMGCCGCGGTAA	2	B12
TTCGATGCCGCA	GTGTGCCAGCMGCCGCGGTAA	2	C1
AGAGGGTGATCG	GTGTGCCAGCMGCCGCGGTAA	2	C2
AGCTCTAGAAAC	GTGTGCCAGCMGCCGCGGTAA	2	C3
CTGACACGAATA	GTGTGCCAGCMGCCGCGGTAA	2	C4
GCTGCCCACCTA	GTGTGCCAGCMGCCGCGGTAA	2	C5
GCGTTTGCTAGC	GTGTGCCAGCMGCCGCGGTAA	2	C6
AGATCGTGCCTA	GTGTGCCAGCMGCCGCGGTAA	2	C7
AATTAATATGTA	GTGTGCCAGCMGCCGCGGTAA	2	C8
CATTTCGCACTT	GTGTGCCAGCMGCCGCGGTAA	2	C9
ACATGATATTCT	GTGTGCCAGCMGCCGCGGTAA	2	C10
GCAACGAACGAG	GTGTGCCAGCMGCCGCGGTAA	2	C11
AGATGTCCGTCA	GTGTGCCAGCMGCCGCGGTAA	2	C12
TCGTTATTCAGT	GTGTGCCAGCMGCCGCGGTAA	2	D1
GGATACTCGCAT	GTGTGCCAGCMGCCGCGGTAA	2	D2
AATGTTCAACTT	GTGTGCCAGCMGCCGCGGTAA	2	D3
AGCAGTGCGGTG	GTGTGCCAGCMGCCGCGGTAA	2	D4
GCATATGCACTG	GTGTGCCAGCMGCCGCGGTAA	2	D5
CCGGCGACAGAA	GTGTGCCAGCMGCCGCGGTAA	2	D6
CCTCACTAGCGA	GTGTGCCAGCMGCCGCGGTAA	2	D7
CTAATCAGAGTG	GTGTGCCAGCMGCCGCGGTAA	2	D8
CTACTCCACGAG	GTGTGCCAGCMGCCGCGGTAA	2	D9
TAAGGCATCGCT	GTGTGCCAGCMGCCGCGGTAA	2	D10
AGCGCGGCGAAT	GTGTGCCAGCMGCCGCGGTAA	2	D11
TAGCAGTTGCGT	GTGTGCCAGCMGCCGCGGTAA	2	D12
ACTCTGTAATTA	GTGTGCCAGCMGCCGCGGTAA	2	E1
TCATGGCCTCCG	GTGTGCCAGCMGCCGCGGTAA	2	E2
CAATCATAGGTG	GTGTGCCAGCMGCCGCGGTAA	2	E3
GTTGGACGAAGG	GTGTGCCAGCMGCCGCGGTAA	2	E4
GTCACTCCGAAC	GTGTGCCAGCMGCCGCGGTAA	2	E5
CGTTCTGGTGGT	GTGTGCCAGCMGCCGCGGTAA	2	E6
TAGTTCGGTGAC	GTGTGCCAGCMGCCGCGGTAA	2	E7
TTAATGGATCGG	GTGTGCCAGCMGCCGCGGTAA	2	E8
TCAAGTCCGCAC	GTGTGCCAGCMGCCGCGGTAA	2	E9
CACACAAAGTCA	GTGTGCCAGCMGCCGCGGTAA	2	E10
GTCAGGTGCGGC	GTGTGCCAGCMGCCGCGGTAA	2	E11
TTGAACAAGCCA	GTGTGCCAGCMGCCGCGGTAA	2	E12
ATATGTTCTCAA	GTGTGCCAGCMGCCGCGGTAA	2	F1
ATGTGCTGCTCG	GTGTGCCAGCMGCCGCGGTAA	2	F2
CCGATAAAGGTT	GTGTGCCAGCMGCCGCGGTAA	2	F3
CAGGAACCAGGA	GTGTGCCAGCMGCCGCGGTAA	2	F4
GCATAAACGACT	GTGTGCCAGCMGCCGCGGTAA	2	F5
ATCGTAGTGGTC	GTGTGCCAGCMGCCGCGGTAA	2	F6
ACTAAAGCAAAC	GTGTGCCAGCMGCCGCGGTAA	2	F7
TAGGAACTCACC	GTGTGCCAGCMGCCGCGGTAA	2	F8
GTCCGTCCTGGT	GTGTGCCAGCMGCCGCGGTAA	2	F9
CGAGGCGAGTCA	GTGTGCCAGCMGCCGCGGTAA	2	F10
TTCCAATACTCA	GTGTGCCAGCMGCCGCGGTAA	2	F11
AACTCAATAGCG	GTGTGCCAGCMGCCGCGGTAA	2	F12
TCAGACCAACTG	GTGTGCCAGCMGCCGCGGTAA	2	G1
CCACGAGCAGGC	GTGTGCCAGCMGCCGCGGTAA	2	G2
GCGTGCCCGGCC	GTGTGCCAGCMGCCGCGGTAA	2	G3
CAAAGGAGCCCG	GTGTGCCAGCMGCCGCGGTAA	2	G4
TGCGGCGTCAGG	GTGTGCCAGCMGCCGCGGTAA	2	G5
CGCTGTGGATTA	GTGTGCCAGCMGCCGCGGTAA	2	G6
CTTGCTCATAAT	GTGTGCCAGCMGCCGCGGTAA	2	G7
ACGACAACGGGC	GTGTGCCAGCMGCCGCGGTAA	2	G8
CTAGCGTGCGTT	GTGTGCCAGCMGCCGCGGTAA	2	G9
TAGTCTAAGGGT	GTGTGCCAGCMGCCGCGGTAA	2	G10
GTTTGAAACACG	GTGTGCCAGCMGCCGCGGTAA	2	G11
ACCTCAGTCAAG	GTGTGCCAGCMGCCGCGGTAA	2	G12
TCATTAGCGTGG	GTGTGCCAGCMGCCGCGGTAA	2	H1
CGCCGTACTTGC	GTGTGCCAGCMGCCGCGGTAA	2	H2
TAAACCTGGACA	GTGTGCCAGCMGCCGCGGTAA	2	H3
CCAACCCAGATC	GTGTGCCAGCMGCCGCGGTAA	2	H4
TTAAGTTAAGTT	GTGTGCCAGCMGCCGCGGTAA	2	H5
AGCCGCGGGTCC	GTGTGCCAGCMGCCGCGGTAA	2	H6
GGTAGTTCATAG	GTGTGCCAGCMGCCGCGGTAA	2	H7
CGATGAATATCG	GTGTGCCAGCMGCCGCGGTAA	2	H8
GTTCTAAGGTGA	GTGTGCCAGCMGCCGCGGTAA	2	H9
ATGACTAAGATG	GTGTGCCAGCMGCCGCGGTAA	2	H10
TACAGCGCATAC	GTGTGCCAGCMGCCGCGGTAA	2	H11
TGACAGAATCCA	GTGTGCCAGCMGCCGCGGTAA	2	H12
CCTCGCATGACC	GTGTGCCAGCMGCCGCGGTAA	3	A1
GGCGTAACGGCA	GTGTGCCAGCMGCCGCGGTAA	3	A2
GCGAGGAAGTCC	GTGTGCCAGCMGCCGCGGTAA	3	A3
CAAATTCGGGAT	GTGTGCCAGCMGCCGCGGTAA	3	A4
TTGTGTCTCCCT	GTGTGCCAGCMGCCGCGGTAA	3	A5
CAATGTAGACAC	GTGTGCCAGCMGCCGCGGTAA	3	A6
AACCACTAACCG	GTGTGCCAGCMGCCGCGGTAA	3	A7
AACTTTCAGGAG	GTGTGCCAGCMGCCGCGGTAA	3	A8
CCAGGACAGGAA	GTGTGCCAGCMGCCGCGGTAA	3	A9
GCGCGGCGTTGC	GTGTGCCAGCMGCCGCGGTAA	3	A10
GTCGCTTGCACA	GTGTGCCAGCMGCCGCGGTAA	3	A11
TCCGCCTAGTCG	GTGTGCCAGCMGCCGCGGTAA	3	A12
CGCGCAAGTATT	GTGTGCCAGCMGCCGCGGTAA	3	B1
AATACAGACCTG	GTGTGCCAGCMGCCGCGGTAA	3	B2
GGACAAGTGCGA	GTGTGCCAGCMGCCGCGGTAA	3	B3
TACGGTCTGGAT	GTGTGCCAGCMGCCGCGGTAA	3	B4
TTCAGTTCGTTA	GTGTGCCAGCMGCCGCGGTAA	3	B5
CCGCGTCTCAAC	GTGTGCCAGCMGCCGCGGTAA	3	B6
CCGAGGTATAAT	GTGTGCCAGCMGCCGCGGTAA	3	B7
AGATTCGCTCGA	GTGTGCCAGCMGCCGCGGTAA	3	B8
TTGCCGCTCTGG	GTGTGCCAGCMGCCGCGGTAA	3	B9
AGACTTCTCAGG	GTGTGCCAGCMGCCGCGGTAA	3	B10
TCTTGCGGAGTC	GTGTGCCAGCMGCCGCGGTAA	3	B11
CTATCTCCTGTC	GTGTGCCAGCMGCCGCGGTAA	3	B12
AAGGCGCTCCTT	GTGTGCCAGCMGCCGCGGTAA	3	C1
GATCTAATCGAG	GTGTGCCAGCMGCCGCGGTAA	3	C2
CTGATGTACACG	GTGTGCCAGCMGCCGCGGTAA	3	C3
ACGTATTCGAAG	GTGTGCCAGCMGCCGCGGTAA	3	C4
GACGTTAAGAAT	GTGTGCCAGCMGCCGCGGTAA	3	C5
TGGTGGAGTTTC	GTGTGCCAGCMGCCGCGGTAA	3	C6
TTAACAAGGCAA	GTGTGCCAGCMGCCGCGGTAA	3	C7
AACCGCATAAGT	GTGTGCCAGCMGCCGCGGTAA	3	C8
CCACAACGATCA	GTGTGCCAGCMGCCGCGGTAA	3	C9
AGTTCTCATTAA	GTGTGCCAGCMGCCGCGGTAA	3	C10
GAGCCATCTGTA	GTGTGCCAGCMGCCGCGGTAA	3	C11
GATATACCAGTG	GTGTGCCAGCMGCCGCGGTAA	3	C12
CGCAATGAGGGA	GTGTGCCAGCMGCCGCGGTAA	3	D1
CCGCAGCCGCAG	GTGTGCCAGCMGCCGCGGTAA	3	D2
TGGAGCCTTGTC	GTGTGCCAGCMGCCGCGGTAA	3	D3
TTACTTATCCGA	GTGTGCCAGCMGCCGCGGTAA	3	D4
ATGGGACCTTCA	GTGTGCCAGCMGCCGCGGTAA	3	D5
TCCGATAATCGG	GTGTGCCAGCMGCCGCGGTAA	3	D6
AAGTCACACACA	GTGTGCCAGCMGCCGCGGTAA	3	D7
GAAGTAGCGAGC	GTGTGCCAGCMGCCGCGGTAA	3	D8
CACCATCTCCGG	GTGTGCCAGCMGCCGCGGTAA	3	D9
GTGTCGAGGGCA	GTGTGCCAGCMGCCGCGGTAA	3	D10
TTCCACACGTGG	GTGTGCCAGCMGCCGCGGTAA	3	D11
AGAATCCACCAC	GTGTGCCAGCMGCCGCGGTAA	3	D12
ACGGCGTTATGT	GTGTGCCAGCMGCCGCGGTAA	3	E1
GAACCGTGCAGG	GTGTGCCAGCMGCCGCGGTAA	3	E2
ACGTGCCTTAGA	GTGTGCCAGCMGCCGCGGTAA	3	E3
AGTTGTAGTCCG	GTGTGCCAGCMGCCGCGGTAA	3	E4
AGGGACTTCAAT	GTGTGCCAGCMGCCGCGGTAA	3	E5
CGGCCAGAAGCA	GTGTGCCAGCMGCCGCGGTAA	3	E6
TGGCAGCGAGCC	GTGTGCCAGCMGCCGCGGTAA	3	E7
GTGAATGTTCGA	GTGTGCCAGCMGCCGCGGTAA	3	E8
TATGTTGACGGC	GTGTGCCAGCMGCCGCGGTAA	3	E9
AGTGTTTCGGAC	GTGTGCCAGCMGCCGCGGTAA	3	E10
ATTTCCGCTAAT	GTGTGCCAGCMGCCGCGGTAA	3	E11
CAAACCTATGGC	GTGTGCCAGCMGCCGCGGTAA	3	E12
CATTTGACGACG	GTGTGCCAGCMGCCGCGGTAA	3	F1
ACTAAGTACCCG	GTGTGCCAGCMGCCGCGGTAA	3	F2
CACCCTTGCGAC	GTGTGCCAGCMGCCGCGGTAA	3	F3
GATGCCTAATGA	GTGTGCCAGCMGCCGCGGTAA	3	F4
GTACGTCACTGA	GTGTGCCAGCMGCCGCGGTAA	3	F5
TCGCTACAGATG	GTGTGCCAGCMGCCGCGGTAA	3	F6
CCGGCTTATGTG	GTGTGCCAGCMGCCGCGGTAA	3	F7
ATAGTCCTTTAA	GTGTGCCAGCMGCCGCGGTAA	3	F8
TCGAGCCGATCT	GTGTGCCAGCMGCCGCGGTAA	3	F9
AGTGCAGGAGCC	GTGTGCCAGCMGCCGCGGTAA	3	F10
GTACTCGAACCA	GTGTGCCAGCMGCCGCGGTAA	3	F11
ATAGGAATAACC	GTGTGCCAGCMGCCGCGGTAA	3	F12
GCTGCGTATACC	GTGTGCCAGCMGCCGCGGTAA	3	G1
CTCAGCGGGACG	GTGTGCCAGCMGCCGCGGTAA	3	G2
ATGCCTCGTAAG	GTGTGCCAGCMGCCGCGGTAA	3	G3
TTAGTTTGTCAC	GTGTGCCAGCMGCCGCGGTAA	3	G4
CCGGCCGCGTGC	GTGTGCCAGCMGCCGCGGTAA	3	G5
ATTATGATTATG	GTGTGCCAGCMGCCGCGGTAA	3	G6
CGAATACTGACA	GTGTGCCAGCMGCCGCGGTAA	3	G7
TCTTATAACGCT	GTGTGCCAGCMGCCGCGGTAA	3	G8
TAAGGTCGATAA	GTGTGCCAGCMGCCGCGGTAA	3	G9
GTTGCTGAGTCC	GTGTGCCAGCMGCCGCGGTAA	3	G10
ACACCGCACAAT	GTGTGCCAGCMGCCGCGGTAA	3	G11
CACAACCACAAC	GTGTGCCAGCMGCCGCGGTAA	3	G12
GAGAAGCTTATA	GTGTGCCAGCMGCCGCGGTAA	3	H1
GTTAACTTACTA	GTGTGCCAGCMGCCGCGGTAA	3	H2
GTTGTTCTGGGA	GTGTGCCAGCMGCCGCGGTAA	3	H3
AGGGTGACTTTA	GTGTGCCAGCMGCCGCGGTAA	3	H4
GCCGCCAGGGTC	GTGTGCCAGCMGCCGCGGTAA	3	H5
GCCACCGCCGGA	GTGTGCCAGCMGCCGCGGTAA	3	H6
ACACACCCTGAC	GTGTGCCAGCMGCCGCGGTAA	3	H7
TATAGGCTCCGC	GTGTGCCAGCMGCCGCGGTAA	3	H8
ATAATTGCCGAG	GTGTGCCAGCMGCCGCGGTAA	3	H9
CGGAGAGACATG	GTGTGCCAGCMGCCGCGGTAA	3	H10
CAGCCCTACCCA	GTGTGCCAGCMGCCGCGGTAA	3	H11
TCGTTGGGACTA	GTGTGCCAGCMGCCGCGGTAA	3	H12
TAGGACGGGAGT	GTGTGCCAGCMGCCGCGGTAA	4	A1
AAGTCTTATCTC	GTGTGCCAGCMGCCGCGGTAA	4	A2
TTGCACCGTCGA	GTGTGCCAGCMGCCGCGGTAA	4	A3
CTCCGAACAACA	GTGTGCCAGCMGCCGCGGTAA	4	A4
TCTGGCTACGAC	GTGTGCCAGCMGCCGCGGTAA	4	A5
AGTAGTTTCCTT	GTGTGCCAGCMGCCGCGGTAA	4	A6
CAGATCCCAACC	GTGTGCCAGCMGCCGCGGTAA	4	A7
GATAGCACTCGT	GTGTGCCAGCMGCCGCGGTAA	4	A8
GTAATTGTAATT	GTGTGCCAGCMGCCGCGGTAA	4	A9
TGCTACAGACGT	GTGTGCCAGCMGCCGCGGTAA	4	A10
AGGTGAGTTCTA	GTGTGCCAGCMGCCGCGGTAA	4	A11
AACGATCATAGA	GTGTGCCAGCMGCCGCGGTAA	4	A12
GTTTGGCCACAC	GTGTGCCAGCMGCCGCGGTAA	4	B1
GTCCTACACAGC	GTGTGCCAGCMGCCGCGGTAA	4	B2
ATTTACAATTGA	GTGTGCCAGCMGCCGCGGTAA	4	B3
CCACTGCCCACC	GTGTGCCAGCMGCCGCGGTAA	4	B4
ATAGTTAGGGCT	GTGTGCCAGCMGCCGCGGTAA	4	B5
GACCCGTTTCGC	GTGTGCCAGCMGCCGCGGTAA	4	B6
TGACTGCGTTAG	GTGTGCCAGCMGCCGCGGTAA	4	B7
ACGTTAATATTC	GTGTGCCAGCMGCCGCGGTAA	4	B8
TCTAACGAGTGC	GTGTGCCAGCMGCCGCGGTAA	4	B9
GATCCCACGTAC	GTGTGCCAGCMGCCGCGGTAA	4	B10
CCGCCAGCTTTG	GTGTGCCAGCMGCCGCGGTAA	4	B11
TCATCTTGATTG	GTGTGCCAGCMGCCGCGGTAA	4	B12
TATATAGTATCC	GTGTGCCAGCMGCCGCGGTAA	4	C1
ACTGTTTACTGT	GTGTGCCAGCMGCCGCGGTAA	4	C2
GTCACGGACATT	GTGTGCCAGCMGCCGCGGTAA	4	C3
GAATATACCTGG	GTGTGCCAGCMGCCGCGGTAA	4	C4
GAATCTGACAAC	GTGTGCCAGCMGCCGCGGTAA	4	C5
ATTGCCTTGATT	GTGTGCCAGCMGCCGCGGTAA	4	C6
GAGCCCAAAGAG	GTGTGCCAGCMGCCGCGGTAA	4	C7
CCATGTGGCTCC	GTGTGCCAGCMGCCGCGGTAA	4	C8
CGTTCCTTGTTA	GTGTGCCAGCMGCCGCGGTAA	4	C9
CGCTAGGATGTT	GTGTGCCAGCMGCCGCGGTAA	4	C10
AGCGGTAGCGGT	GTGTGCCAGCMGCCGCGGTAA	4	C11
GTCAGTATGGCT	GTGTGCCAGCMGCCGCGGTAA	4	C12
CATAAGGGAGGC	GTGTGCCAGCMGCCGCGGTAA	4	D1
CAGGCCACTCTC	GTGTGCCAGCMGCCGCGGTAA	4	D2
ACAGTTGTACGC	GTGTGCCAGCMGCCGCGGTAA	4	D3
ACCAGAAATGTC	GTGTGCCAGCMGCCGCGGTAA	4	D4
CTCATCATGTTC	GTGTGCCAGCMGCCGCGGTAA	4	D5
TTAGGATTCTAT	GTGTGCCAGCMGCCGCGGTAA	4	D6
CAACGAACCATC	GTGTGCCAGCMGCCGCGGTAA	4	D7
ACACGTTTGGGT	GTGTGCCAGCMGCCGCGGTAA	4	D8
CGTCGCAGCCTT	GTGTGCCAGCMGCCGCGGTAA	4	D9
CTACTTACATCC	GTGTGCCAGCMGCCGCGGTAA	4	D10
CGCACGTACCTC	GTGTGCCAGCMGCCGCGGTAA	4	D11
GTCCTCGCGACT	GTGTGCCAGCMGCCGCGGTAA	4	D12
GTGCAACCAATC	GTGTGCCAGCMGCCGCGGTAA	4	E1
ACCCAAGCGTTA	GTGTGCCAGCMGCCGCGGTAA	4	E2
ACTGGCAAACCT	GTGTGCCAGCMGCCGCGGTAA	4	E3
AACACCATCGAC	GTGTGCCAGCMGCCGCGGTAA	4	E4
TTATCCAGTCCT	GTGTGCCAGCMGCCGCGGTAA	4	E5
GTTTATCTTAAG	GTGTGCCAGCMGCCGCGGTAA	4	E6
GTTCGCCGCATC	GTGTGCCAGCMGCCGCGGTAA	4	E7
AGACTATTTCAT	GTGTGCCAGCMGCCGCGGTAA	4	E8
AGCGATTCCTCG	GTGTGCCAGCMGCCGCGGTAA	4	E9
ACCACCGTAACC	GTGTGCCAGCMGCCGCGGTAA	4	E10
AGGAAGTAACTT	GTGTGCCAGCMGCCGCGGTAA	4	E11
CGTTCGCTAGCC	GTGTGCCAGCMGCCGCGGTAA	4	E12
CTCACCTAGGAA	GTGTGCCAGCMGCCGCGGTAA	4	F1
AGATGCAATGAT	GTGTGCCAGCMGCCGCGGTAA	4	F2
GCATTCGGCGTT	GTGTGCCAGCMGCCGCGGTAA	4	F3
TCTACATACATA	GTGTGCCAGCMGCCGCGGTAA	4	F4
GAGTCTTGGTAA	GTGTGCCAGCMGCCGCGGTAA	4	F5
CAGTCTAGTACG	GTGTGCCAGCMGCCGCGGTAA	4	F6
GTTCGAGTGAAT	GTGTGCCAGCMGCCGCGGTAA	4	F7
AGTCCGAGTTGT	GTGTGCCAGCMGCCGCGGTAA	4	F8
CGTGAGGACCAG	GTGTGCCAGCMGCCGCGGTAA	4	F9
CGGTTGGCGGGT	GTGTGCCAGCMGCCGCGGTAA	4	F10
CGATTCCTTAAT	GTGTGCCAGCMGCCGCGGTAA	4	F11
TGCCTGCTCGAC	GTGTGCCAGCMGCCGCGGTAA	4	F12
TACTGTACTGTT	GTGTGCCAGCMGCCGCGGTAA	4	G1
TCTCGCACTGGA	GTGTGCCAGCMGCCGCGGTAA	4	G2
ACCAGTGACTCA	GTGTGCCAGCMGCCGCGGTAA	4	G3
TGGCGCACGGAC	GTGTGCCAGCMGCCGCGGTAA	4	G4
CATTTACATCAC	GTGTGCCAGCMGCCGCGGTAA	4	G5
GTGGGACTGCGC	GTGTGCCAGCMGCCGCGGTAA	4	G6
CGGCCTAAGTTC	GTGTGCCAGCMGCCGCGGTAA	4	G7
GCTGAGCCTTTG	GTGTGCCAGCMGCCGCGGTAA	4	G8
AGAGACGCGTAG	GTGTGCCAGCMGCCGCGGTAA	4	G9
CCACCGGGCCGA	GTGTGCCAGCMGCCGCGGTAA	4	G10
AATCCGGTCACC	GTGTGCCAGCMGCCGCGGTAA	4	G11
TCTTACCCATAA	GTGTGCCAGCMGCCGCGGTAA	4	G12
CTAGAGCTCCCA	GTGTGCCAGCMGCCGCGGTAA	4	H1
GGTCTTAGCACC	GTGTGCCAGCMGCCGCGGTAA	4	H2
GCCTACTCTCGG	GTGTGCCAGCMGCCGCGGTAA	4	H3
ACTGCCCGATAC	GTGTGCCAGCMGCCGCGGTAA	4	H4
TTCTTAACGCCT	GTGTGCCAGCMGCCGCGGTAA	4	H5
CTCCCGAGCTCC	GTGTGCCAGCMGCCGCGGTAA	4	H6
TAGACTTCAGAG	GTGTGCCAGCMGCCGCGGTAA	4	H7
ACTTAGACTCTT	GTGTGCCAGCMGCCGCGGTAA	4	H8
GGACCTGGATGG	GTGTGCCAGCMGCCGCGGTAA	4	H9
TATGTGCCGGCT	GTGTGCCAGCMGCCGCGGTAA	4	H10
ATACCGTCTTTC	GTGTGCCAGCMGCCGCGGTAA	4	H11
TGTGCTTGTAGG	GTGTGCCAGCMGCCGCGGTAA	4	H12
ATGTTAGGGAAT	GTGTGCCAGCMGCCGCGGTAA	5	A1
GCTAGTTATGGA	GTGTGCCAGCMGCCGCGGTAA	5	A2
TCATCCGTCGGC	GTGTGCCAGCMGCCGCGGTAA	5	A3
ATTTGGCTCTTA	GTGTGCCAGCMGCCGCGGTAA	5	A4
GATCCGGCAGGA	GTGTGCCAGCMGCCGCGGTAA	5	A5
GTTAAGCTGACC	GTGTGCCAGCMGCCGCGGTAA	5	A6
CCTATTGCGGCC	GTGTGCCAGCMGCCGCGGTAA	5	A7
CAATAGAATAAG	GTGTGCCAGCMGCCGCGGTAA	5	A8
ACATAGCGGTTC	GTGTGCCAGCMGCCGCGGTAA	5	A9
GCGTGGTCATTA	GTGTGCCAGCMGCCGCGGTAA	5	A10
GATTCTTTAGAT	GTGTGCCAGCMGCCGCGGTAA	5	A11
CGGATCTAGTGT	GTGTGCCAGCMGCCGCGGTAA	5	A12
AAGTGGCTATCC	GTGTGCCAGCMGCCGCGGTAA	5	B1
ACTAGTTGGACC	GTGTGCCAGCMGCCGCGGTAA	5	B2
GGCTTCGGAGCG	GTGTGCCAGCMGCCGCGGTAA	5	B3
CGCGTCAAACTA	GTGTGCCAGCMGCCGCGGTAA	5	B4
CTTCCAACTCAT	GTGTGCCAGCMGCCGCGGTAA	5	B5
GCCTAGCCCAAT	GTGTGCCAGCMGCCGCGGTAA	5	B6
GTTAGGGAGCGA	GTGTGCCAGCMGCCGCGGTAA	5	B7
TATACCGCTGCG	GTGTGCCAGCMGCCGCGGTAA	5	B8
CTTACACTGCTT	GTGTGCCAGCMGCCGCGGTAA	5	B9
CCTGCACCTGCA	GTGTGCCAGCMGCCGCGGTAA	5	B10
AGGACAAACTAT	GTGTGCCAGCMGCCGCGGTAA	5	B11
ATAACGGTGTAC	GTGTGCCAGCMGCCGCGGTAA	5	B12
GTCGTTACCCGC	GTGTGCCAGCMGCCGCGGTAA	5	C1
CGCAAGCCCGCG	GTGTGCCAGCMGCCGCGGTAA	5	C2
CGGTCAATTGAC	GTGTGCCAGCMGCCGCGGTAA	5	C3
ATGTTCCTCATC	GTGTGCCAGCMGCCGCGGTAA	5	C4
CGACCTCGCATA	GTGTGCCAGCMGCCGCGGTAA	5	C5
CATTCGTGGCGT	GTGTGCCAGCMGCCGCGGTAA	5	C6
AGTACGCAGTCT	GTGTGCCAGCMGCCGCGGTAA	5	C7
CAGTGCACGTCT	GTGTGCCAGCMGCCGCGGTAA	5	C8
ACTCACAGGAAT	GTGTGCCAGCMGCCGCGGTAA	5	C9
TGGTGTTTATAT	GTGTGCCAGCMGCCGCGGTAA	5	C10
TCTTCCTAAAGT	GTGTGCCAGCMGCCGCGGTAA	5	C11
GCCCTTCCCGTG	GTGTGCCAGCMGCCGCGGTAA	5	C12
AGTATATGTTTC	GTGTGCCAGCMGCCGCGGTAA	5	D1
AGAGCGGAACAA	GTGTGCCAGCMGCCGCGGTAA	5	D2
TCCGCTGCTGAC	GTGTGCCAGCMGCCGCGGTAA	5	D3
TCCGTGGTATAG	GTGTGCCAGCMGCCGCGGTAA	5	D4
GTCAGAGTATTG	GTGTGCCAGCMGCCGCGGTAA	5	D5
GCGGTCGGTCAG	GTGTGCCAGCMGCCGCGGTAA	5	D6
TATCCTGGTTTC	GTGTGCCAGCMGCCGCGGTAA	5	D7
CTGGTGCTGAAT	GTGTGCCAGCMGCCGCGGTAA	5	D8
GTTGAAGCACCT	GTGTGCCAGCMGCCGCGGTAA	5	D9
GTGCGGTTCACT	GTGTGCCAGCMGCCGCGGTAA	5	D10
CTTGTGCGACAA	GTGTGCCAGCMGCCGCGGTAA	5	D11
CACAGTTGAAGT	GTGTGCCAGCMGCCGCGGTAA	5	D12
GGCTCGTCGGAG	GTGTGCCAGCMGCCGCGGTAA	5	E1
ACATGGGCGGAA	GTGTGCCAGCMGCCGCGGTAA	5	E2
TGCGCGCCTTCC	GTGTGCCAGCMGCCGCGGTAA	5	E3
GTTGGTTGGCAT	GTGTGCCAGCMGCCGCGGTAA	5	E4
GAACGATCATGT	GTGTGCCAGCMGCCGCGGTAA	5	E5
TCAGTCAGATGA	GTGTGCCAGCMGCCGCGGTAA	5	E6
CTGGTCTTACGG	GTGTGCCAGCMGCCGCGGTAA	5	E7
ACAAAGGTATCA	GTGTGCCAGCMGCCGCGGTAA	5	E8
GTAAACGACTTG	GTGTGCCAGCMGCCGCGGTAA	5	E9
TAGCGCGAACTT	GTGTGCCAGCMGCCGCGGTAA	5	E10
GCGCTTAGAATA	GTGTGCCAGCMGCCGCGGTAA	5	E11
GCAAAGGCCCGC	GTGTGCCAGCMGCCGCGGTAA	5	E12
GACATCTGACAC	GTGTGCCAGCMGCCGCGGTAA	5	F1
CTGCGGATATAC	GTGTGCCAGCMGCCGCGGTAA	5	F2
GCGCACACCTTC	GTGTGCCAGCMGCCGCGGTAA	5	F3
AACGGGCGACGT	GTGTGCCAGCMGCCGCGGTAA	5	F4
CTCCACATTCCT	GTGTGCCAGCMGCCGCGGTAA	5	F5
CGAACGTCTATG	GTGTGCCAGCMGCCGCGGTAA	5	F6
ATGCCGGTAATA	GTGTGCCAGCMGCCGCGGTAA	5	F7
TGAACCCTATGG	GTGTGCCAGCMGCCGCGGTAA	5	F8
TTGGACGTCCAC	GTGTGCCAGCMGCCGCGGTAA	5	F9
ATGTAGGCTTAG	GTGTGCCAGCMGCCGCGGTAA	5	F10
AGAGGAGTCGAC	GTGTGCCAGCMGCCGCGGTAA	5	F11
CTCCCACTAGAG	GTGTGCCAGCMGCCGCGGTAA	5	F12
AATTTCCTAACA	GTGTGCCAGCMGCCGCGGTAA	5	G1
GTGAGGGCAAGT	GTGTGCCAGCMGCCGCGGTAA	5	G2
CACGAAAGCAGG	GTGTGCCAGCMGCCGCGGTAA	5	G3
TACTGAGCCTCG	GTGTGCCAGCMGCCGCGGTAA	5	G4
TCTTCGCAGCAG	GTGTGCCAGCMGCCGCGGTAA	5	G5
CAGTCCCTGCAC	GTGTGCCAGCMGCCGCGGTAA	5	G6
ATCAAGATACGC	GTGTGCCAGCMGCCGCGGTAA	5	G7
AATAAGCAATAG	GTGTGCCAGCMGCCGCGGTAA	5	G8
GCACGCGAGCAC	GTGTGCCAGCMGCCGCGGTAA	5	G9
GCATTACTGGAC	GTGTGCCAGCMGCCGCGGTAA	5	G10
GTCTCCTCCCTT	GTGTGCCAGCMGCCGCGGTAA	5	G11
AATAGATGCTGA	GTGTGCCAGCMGCCGCGGTAA	5	G12
ATAAACGGACAT	GTGTGCCAGCMGCCGCGGTAA	5	H1
ATATTGGCAGCC	GTGTGCCAGCMGCCGCGGTAA	5	H2
CGTGGCTTTCCG	GTGTGCCAGCMGCCGCGGTAA	5	H3
GGTGCAGACAGA	GTGTGCCAGCMGCCGCGGTAA	5	H4
CACGCTATTGGA	GTGTGCCAGCMGCCGCGGTAA	5	H5
TGATTTAATTGC	GTGTGCCAGCMGCCGCGGTAA	5	H6
CTGAGGCCCTTC	GTGTGCCAGCMGCCGCGGTAA	5	H7
TATGGGTAGCTA	GTGTGCCAGCMGCCGCGGTAA	5	H8
CTTAGGCATGTG	GTGTGCCAGCMGCCGCGGTAA	5	H9
TCCGGACTCCTG	GTGTGCCAGCMGCCGCGGTAA	5	H10
AGTATCATATAT	GTGTGCCAGCMGCCGCGGTAA	5	H11
AACGCTTCTTAT	GTGTGCCAGCMGCCGCGGTAA	5	H12
GTTCGGTGTCCA	GTGTGCCAGCMGCCGCGGTAA	6	A1
CTACCGATTGCG	GTGTGCCAGCMGCCGCGGTAA	6	A2
GAGAGTCCACTT	GTGTGCCAGCMGCCGCGGTAA	6	A3
CTAACCTCATAT	GTGTGCCAGCMGCCGCGGTAA	6	A4
AGCTTCGACAGT	GTGTGCCAGCMGCCGCGGTAA	6	A5
GAGAGGGATCAC	GTGTGCCAGCMGCCGCGGTAA	6	A6
TGGCCGTTACTG	GTGTGCCAGCMGCCGCGGTAA	6	A7
TTCAGCGATGGT	GTGTGCCAGCMGCCGCGGTAA	6	A8
AAGATCGTACTG	GTGTGCCAGCMGCCGCGGTAA	6	A9
ATTTGAAGAGGT	GTGTGCCAGCMGCCGCGGTAA	6	A10
GTCAATTAGTGG	GTGTGCCAGCMGCCGCGGTAA	6	A11
CCTAAGAGCATC	GTGTGCCAGCMGCCGCGGTAA	6	A12
GCAAGAATACAT	GTGTGCCAGCMGCCGCGGTAA	6	B1
GGTAATAGAGTT	GTGTGCCAGCMGCCGCGGTAA	6	B2
ATTTGCTTTGCC	GTGTGCCAGCMGCCGCGGTAA	6	B3
CTTCGGAGGGAG	GTGTGCCAGCMGCCGCGGTAA	6	B4
TAAGAAACGTCA	GTGTGCCAGCMGCCGCGGTAA	6	B5
TTGCGACAAAGT	GTGTGCCAGCMGCCGCGGTAA	6	B6
AGGAACCAGACG	GTGTGCCAGCMGCCGCGGTAA	6	B7
CGTGGTGGGAAC	GTGTGCCAGCMGCCGCGGTAA	6	B8
GTCATTGGGCTA	GTGTGCCAGCMGCCGCGGTAA	6	B9
TCTACGGCACGT	GTGTGCCAGCMGCCGCGGTAA	6	B10
AGCCCGCAAAGG	GTGTGCCAGCMGCCGCGGTAA	6	B11
GAGCGCCGAACA	GTGTGCCAGCMGCCGCGGTAA	6	B12
CAGGGTAGGGTA	GTGTGCCAGCMGCCGCGGTAA	6	C1
GTAAATTCAGGC	GTGTGCCAGCMGCCGCGGTAA	6	C2
ACCCGGATTTCG	GTGTGCCAGCMGCCGCGGTAA	6	C3
GTGACCCTGTCA	GTGTGCCAGCMGCCGCGGTAA	6	C4
AGCAACATTGCA	GTGTGCCAGCMGCCGCGGTAA	6	C5
CAGTGTCATGAA	GTGTGCCAGCMGCCGCGGTAA	6	C6
GTTGACCATCGC	GTGTGCCAGCMGCCGCGGTAA	6	C7
AGACACCAATGT	GTGTGCCAGCMGCCGCGGTAA	6	C8
CGCAGATTAGTA	GTGTGCCAGCMGCCGCGGTAA	6	C9
TCCTAGGTCCGA	GTGTGCCAGCMGCCGCGGTAA	6	C10
GGCCTATAAGTC	GTGTGCCAGCMGCCGCGGTAA	6	C11
CTCTATTCCACC	GTGTGCCAGCMGCCGCGGTAA	6	C12
CTAGTCGCTGGT	GTGTGCCAGCMGCCGCGGTAA	6	D1
AATATCGGGATC	GTGTGCCAGCMGCCGCGGTAA	6	D2
AAGCCTCTACGA	GTGTGCCAGCMGCCGCGGTAA	6	D3
GAGAATGGAAAG	GTGTGCCAGCMGCCGCGGTAA	6	D4
GCTTCATTTCTG	GTGTGCCAGCMGCCGCGGTAA	6	D5
CATTCAGTTATA	GTGTGCCAGCMGCCGCGGTAA	6	D6
CCAGATATAGCA	GTGTGCCAGCMGCCGCGGTAA	6	D7
TCATACAGCCAG	GTGTGCCAGCMGCCGCGGTAA	6	D8
CTCATATGCTAT	GTGTGCCAGCMGCCGCGGTAA	6	D9
CTCTTCTGATCA	GTGTGCCAGCMGCCGCGGTAA	6	D10
CGCGGCGCAGCT	GTGTGCCAGCMGCCGCGGTAA	6	D11
ATGGATAGCTAA	GTGTGCCAGCMGCCGCGGTAA	6	D12
AGAAGGCCTTAT	GTGTGCCAGCMGCCGCGGTAA	6	E1
TGGACTCAGCTA	GTGTGCCAGCMGCCGCGGTAA	6	E2
GCGATGGCGATG	GTGTGCCAGCMGCCGCGGTAA	6	E3
TAGGAGAGACAG	GTGTGCCAGCMGCCGCGGTAA	6	E4
CAGTAGCGATAT	GTGTGCCAGCMGCCGCGGTAA	6	E5
CCACTCTCTCTA	GTGTGCCAGCMGCCGCGGTAA	6	E6
TATCGTTATCGT	GTGTGCCAGCMGCCGCGGTAA	6	E7
ATGTATCAATTA	GTGTGCCAGCMGCCGCGGTAA	6	E8
CAAATGGTCGTC	GTGTGCCAGCMGCCGCGGTAA	6	E9
ACACGCGGTTTA	GTGTGCCAGCMGCCGCGGTAA	6	E10
AAGCCGGGTCCG	GTGTGCCAGCMGCCGCGGTAA	6	E11
AGGACGCCAGCA	GTGTGCCAGCMGCCGCGGTAA	6	E12
TTGGAACGGCTT	GTGTGCCAGCMGCCGCGGTAA	6	F1
TGTTGCGTTTCT	GTGTGCCAGCMGCCGCGGTAA	6	F2
TTATACGTTGTA	GTGTGCCAGCMGCCGCGGTAA	6	F3
GGTGTGAGAAAG	GTGTGCCAGCMGCCGCGGTAA	6	F4
GCCAAGGATAGG	GTGTGCCAGCMGCCGCGGTAA	6	F5
GAACAAAGAGCG	GTGTGCCAGCMGCCGCGGTAA	6	F6
ATTCGGTAGTGC	GTGTGCCAGCMGCCGCGGTAA	6	F7
CGCTGGCTTTAG	GTGTGCCAGCMGCCGCGGTAA	6	F8
CAGCTGGTTCAA	GTGTGCCAGCMGCCGCGGTAA	6	F9
CTTGAGAAATCG	GTGTGCCAGCMGCCGCGGTAA	6	F10
CGAGGGAAAGTC	GTGTGCCAGCMGCCGCGGTAA	6	F11
GAATGCGTATAA	GTGTGCCAGCMGCCGCGGTAA	6	F12
TACCTGTGTCTT	GTGTGCCAGCMGCCGCGGTAA	6	G1
GCTATATCCAGG	GTGTGCCAGCMGCCGCGGTAA	6	G2
CATGATTAAGAG	GTGTGCCAGCMGCCGCGGTAA	6	G3
ACCTATGGTGAA	GTGTGCCAGCMGCCGCGGTAA	6	G4
AATCTAACAATT	GTGTGCCAGCMGCCGCGGTAA	6	G5
GTTCCATCGGCC	GTGTGCCAGCMGCCGCGGTAA	6	G6
TGACGAGGGCTG	GTGTGCCAGCMGCCGCGGTAA	6	G7
AGACAGTAGGAG	GTGTGCCAGCMGCCGCGGTAA	6	G8
ATAGACACTCCG	GTGTGCCAGCMGCCGCGGTAA	6	G9
ACGGCCCTGGAG	GTGTGCCAGCMGCCGCGGTAA	6	G10
CTTCAAGATGGA	GTGTGCCAGCMGCCGCGGTAA	6	G11
CACAATACACCG	GTGTGCCAGCMGCCGCGGTAA	6	G12
GATGCGCAGGAC	GTGTGCCAGCMGCCGCGGTAA	6	H1
TGAAAGCGGCGA	GTGTGCCAGCMGCCGCGGTAA	6	H2
AGCACCGGTCTT	GTGTGCCAGCMGCCGCGGTAA	6	H3
ACGCCGAGGTAG	GTGTGCCAGCMGCCGCGGTAA	6	H4
CTCACGCAATGC	GTGTGCCAGCMGCCGCGGTAA	6	H5
ATCGTTATATCA	GTGTGCCAGCMGCCGCGGTAA	6	H6
TACTTAAACATC	GTGTGCCAGCMGCCGCGGTAA	6	H7
GTGCGAGGACAA	GTGTGCCAGCMGCCGCGGTAA	6	H8
CTTTGATAATAA	GTGTGCCAGCMGCCGCGGTAA	6	H9
CATAAATTCTTG	GTGTGCCAGCMGCCGCGGTAA	6	H10
CTGTAAAGGTTG	GTGTGCCAGCMGCCGCGGTAA	6	H11
GGCAGTGTTAAT	GTGTGCCAGCMGCCGCGGTAA	6	H12
TAGACCGACTCC	GTGTGCCAGCMGCCGCGGTAA	7	A1
TGGAATTCGGCT	GTGTGCCAGCMGCCGCGGTAA	7	A2
GAAGATCTATCG	GTGTGCCAGCMGCCGCGGTAA	7	A3
ATCGCCGCCTTG	GTGTGCCAGCMGCCGCGGTAA	7	A4
TAGTGTCGGATC	GTGTGCCAGCMGCCGCGGTAA	7	A5
TCAAGCAATACG	GTGTGCCAGCMGCCGCGGTAA	7	A6
AGGGAGCTTCGG	GTGTGCCAGCMGCCGCGGTAA	7	A7
CTGGTAAGTCCA	GTGTGCCAGCMGCCGCGGTAA	7	A8
GGACTTCCAGCT	GTGTGCCAGCMGCCGCGGTAA	7	A9
GGAGGAGCAATA	GTGTGCCAGCMGCCGCGGTAA	7	A10
CATGAACAGTGT	GTGTGCCAGCMGCCGCGGTAA	7	A11
TAGGTAACCGAT	GTGTGCCAGCMGCCGCGGTAA	7	A12
GGAATCCGATTA	GTGTGCCAGCMGCCGCGGTAA	7	B1
TTCCCACCCATT	GTGTGCCAGCMGCCGCGGTAA	7	B2
GTCCCAGTCCCA	GTGTGCCAGCMGCCGCGGTAA	7	B3
AGCCAGTCATAC	GTGTGCCAGCMGCCGCGGTAA	7	B4
GTGTAATGTAGA	GTGTGCCAGCMGCCGCGGTAA	7	B5
ATACTGAGTGAA	GTGTGCCAGCMGCCGCGGTAA	7	B6
TGTATGCTTCTA	GTGTGCCAGCMGCCGCGGTAA	7	B7
GAACTCGCTATG	GTGTGCCAGCMGCCGCGGTAA	7	B8
CGATATCAGTAG	GTGTGCCAGCMGCCGCGGTAA	7	B9
TCGTAGTAATGG	GTGTGCCAGCMGCCGCGGTAA	7	B10
CGGGTCCTCTTG	GTGTGCCAGCMGCCGCGGTAA	7	B11
GTCGGGCCGGTA	GTGTGCCAGCMGCCGCGGTAA	7	B12
TCCGACCCGATC	GTGTGCCAGCMGCCGCGGTAA	7	C1
CCGCATGACCTA	GTGTGCCAGCMGCCGCGGTAA	7	C2
CACTAGACCCAC	GTGTGCCAGCMGCCGCGGTAA	7	C3
AGTAATAACAAG	GTGTGCCAGCMGCCGCGGTAA	7	C4
CTTCTTCGCCCT	GTGTGCCAGCMGCCGCGGTAA	7	C5
TACACGCTGATG	GTGTGCCAGCMGCCGCGGTAA	7	C6
GACGTCCCTCCA	GTGTGCCAGCMGCCGCGGTAA	7	C7
TATTCTACATGA	GTGTGCCAGCMGCCGCGGTAA	7	C8
GAGGCGCCATAG	GTGTGCCAGCMGCCGCGGTAA	7	C9
GCAGAGAGGCTA	GTGTGCCAGCMGCCGCGGTAA	7	C10
CGTTTATCCGTT	GTGTGCCAGCMGCCGCGGTAA	7	C11
GCTAGACACTAC	GTGTGCCAGCMGCCGCGGTAA	7	C12
TCACTGCTAGGA	GTGTGCCAGCMGCCGCGGTAA	7	D1
GGTCCTTCCCGA	GTGTGCCAGCMGCCGCGGTAA	7	D2
CGGTAGTTGATC	GTGTGCCAGCMGCCGCGGTAA	7	D3
TGGTTTCGAAGA	GTGTGCCAGCMGCCGCGGTAA	7	D4
CCGAAACGGAGC	GTGTGCCAGCMGCCGCGGTAA	7	D5
TCTCCTAGGCGC	GTGTGCCAGCMGCCGCGGTAA	7	D6
GTTTGCTCGAGA	GTGTGCCAGCMGCCGCGGTAA	7	D7
TCGATAAGTAAG	GTGTGCCAGCMGCCGCGGTAA	7	D8
AATCTCTATAAC	GTGTGCCAGCMGCCGCGGTAA	7	D9
GAGTCCGTTGCT	GTGTGCCAGCMGCCGCGGTAA	7	D10
TAACCACCAACG	GTGTGCCAGCMGCCGCGGTAA	7	D11
TCGTCTGATATT	GTGTGCCAGCMGCCGCGGTAA	7	D12
ACATCAGGTCAC	GTGTGCCAGCMGCCGCGGTAA	7	E1
CAGACCGGACGA	GTGTGCCAGCMGCCGCGGTAA	7	E2
AGTTATTCTAGT	GTGTGCCAGCMGCCGCGGTAA	7	E3
GTAGGTGCTTAC	GTGTGCCAGCMGCCGCGGTAA	7	E4
GTGGGCGGCCCT	GTGTGCCAGCMGCCGCGGTAA	7	E5
AGTCTTAAAGGA	GTGTGCCAGCMGCCGCGGTAA	7	E6
GTCTGACGGTCT	GTGTGCCAGCMGCCGCGGTAA	7	E7
CCATAGGAGGCG	GTGTGCCAGCMGCCGCGGTAA	7	E8
GTGGCGCATGGA	GTGTGCCAGCMGCCGCGGTAA	7	E9
CAACTTAATGTT	GTGTGCCAGCMGCCGCGGTAA	7	E10
TAGCGACCTCAC	GTGTGCCAGCMGCCGCGGTAA	7	E11
CCAGCGCTTCAC	GTGTGCCAGCMGCCGCGGTAA	7	E12
AGCTATGTATGG	GTGTGCCAGCMGCCGCGGTAA	7	F1
TTCCGAATCGGC	GTGTGCCAGCMGCCGCGGTAA	7	F2
CACATTCTATAA	GTGTGCCAGCMGCCGCGGTAA	7	F3
CGGCGATGAAAG	GTGTGCCAGCMGCCGCGGTAA	7	F4
GTTGGGATCCTC	GTGTGCCAGCMGCCGCGGTAA	7	F5
TAATCATGTAAT	GTGTGCCAGCMGCCGCGGTAA	7	F6
GAGTTCCATTGG	GTGTGCCAGCMGCCGCGGTAA	7	F7
GCCGCGGGATCA	GTGTGCCAGCMGCCGCGGTAA	7	F8
CGTGTTATGTGG	GTGTGCCAGCMGCCGCGGTAA	7	F9
CTGTACTTCTAA	GTGTGCCAGCMGCCGCGGTAA	7	F10
TAGGCATGCTTG	GTGTGCCAGCMGCCGCGGTAA	7	F11
AATAGTCGTGAC	GTGTGCCAGCMGCCGCGGTAA	7	F12
AATGACCTCGTG	GTGTGCCAGCMGCCGCGGTAA	7	G1
GCATGTCGAAAT	GTGTGCCAGCMGCCGCGGTAA	7	G2
GCGTTAACCCAA	GTGTGCCAGCMGCCGCGGTAA	7	G3
GACCACTGCTGT	GTGTGCCAGCMGCCGCGGTAA	7	G4
TTCACGCGCCCA	GTGTGCCAGCMGCCGCGGTAA	7	G5
TAGGCGGTAGGC	GTGTGCCAGCMGCCGCGGTAA	7	G6
ACACTCATTACT	GTGTGCCAGCMGCCGCGGTAA	7	G7
TCTTAAGATTTG	GTGTGCCAGCMGCCGCGGTAA	7	G8
AAGTAGGAAGGA	GTGTGCCAGCMGCCGCGGTAA	7	G9
GGCCCTGTGGGC	GTGTGCCAGCMGCCGCGGTAA	7	G10
ATCCATGAGCGT	GTGTGCCAGCMGCCGCGGTAA	7	G11
GAGGCCTCGGGT	GTGTGCCAGCMGCCGCGGTAA	7	G12
AAGGGTTAGTCT	GTGTGCCAGCMGCCGCGGTAA	7	H1
ACGCGAACTAAT	GTGTGCCAGCMGCCGCGGTAA	7	H2
TTCGACTAATAT	GTGTGCCAGCMGCCGCGGTAA	7	H3
AATCATTTGTAA	GTGTGCCAGCMGCCGCGGTAA	7	H4
TATGCTCTCTCA	GTGTGCCAGCMGCCGCGGTAA	7	H5
TCATTCCACTCA	GTGTGCCAGCMGCCGCGGTAA	7	H6
CAGAAATGTGTC	GTGTGCCAGCMGCCGCGGTAA	7	H7
CTTATAGAGAAG	GTGTGCCAGCMGCCGCGGTAA	7	H8
ATGCGCCCGTAT	GTGTGCCAGCMGCCGCGGTAA	7	H9
GCATCGTCTGGT	GTGTGCCAGCMGCCGCGGTAA	7	H10
GAGGCAAACGCC	GTGTGCCAGCMGCCGCGGTAA	7	H11
GACTTGGTAAAC	GTGTGCCAGCMGCCGCGGTAA	7	H12
GCTTATTGCTTA	GTGTGCCAGCMGCCGCGGTAA	8	A1
GACCATGTAGTA	GTGTGCCAGCMGCCGCGGTAA	8	A2
CTTCGCGGATGT	GTGTGCCAGCMGCCGCGGTAA	8	A3
TGAGCGCACGCG	GTGTGCCAGCMGCCGCGGTAA	8	A4
CATGAGACTGTA	GTGTGCCAGCMGCCGCGGTAA	8	A5
TTACCCGCACAG	GTGTGCCAGCMGCCGCGGTAA	8	A6
AAGATTTGCAGC	GTGTGCCAGCMGCCGCGGTAA	8	A7
AACCGATGTACC	GTGTGCCAGCMGCCGCGGTAA	8	A8
GCCTTACGATAG	GTGTGCCAGCMGCCGCGGTAA	8	A9
ACGACCTACGCT	GTGTGCCAGCMGCCGCGGTAA	8	A10
ACGGTGAAAGCG	GTGTGCCAGCMGCCGCGGTAA	8	A11
TGGGACATATCC	GTGTGCCAGCMGCCGCGGTAA	8	A12
ATGGCCTGACTA	GTGTGCCAGCMGCCGCGGTAA	8	B1
GCAAGCTGTCTC	GTGTGCCAGCMGCCGCGGTAA	8	B2
ATCACATTCTCC	GTGTGCCAGCMGCCGCGGTAA	8	B3
CGAGTATACAAC	GTGTGCCAGCMGCCGCGGTAA	8	B4
CCAGGGACTTCT	GTGTGCCAGCMGCCGCGGTAA	8	B5
ACAAGTGCTGCT	GTGTGCCAGCMGCCGCGGTAA	8	B6
CACTCTCCGGCA	GTGTGCCAGCMGCCGCGGTAA	8	B7
ATTAATGAAGCG	GTGTGCCAGCMGCCGCGGTAA	8	B8
ACCGATTAGGTA	GTGTGCCAGCMGCCGCGGTAA	8	B9
ATCGATCCACAG	GTGTGCCAGCMGCCGCGGTAA	8	B10
CACCTCCAAGGT	GTGTGCCAGCMGCCGCGGTAA	8	B11
CTAAATACCCTT	GTGTGCCAGCMGCCGCGGTAA	8	B12
TCAATGACCGCA	GTGTGCCAGCMGCCGCGGTAA	8	C1
TATCTTCCTGAA	GTGTGCCAGCMGCCGCGGTAA	8	C2
AACGTCCTGTGC	GTGTGCCAGCMGCCGCGGTAA	8	C3
TAAGCGTCTCGA	GTGTGCCAGCMGCCGCGGTAA	8	C4
GAGGTATTCTGA	GTGTGCCAGCMGCCGCGGTAA	8	C5
CGTAAGATGCCT	GTGTGCCAGCMGCCGCGGTAA	8	C6
GGAGGGTACCGT	GTGTGCCAGCMGCCGCGGTAA	8	C7
TCAAGATCAAGA	GTGTGCCAGCMGCCGCGGTAA	8	C8
TGCAACTTGCAG	GTGTGCCAGCMGCCGCGGTAA	8	C9
TACTAGATATTA	GTGTGCCAGCMGCCGCGGTAA	8	C10
TACGTTTGGCGA	GTGTGCCAGCMGCCGCGGTAA	8	C11
GTTGTATTATAC	GTGTGCCAGCMGCCGCGGTAA	8	C12
CTTTATGTGTCA	GTGTGCCAGCMGCCGCGGTAA	8	D1
GGTACTGTACCA	GTGTGCCAGCMGCCGCGGTAA	8	D2
AAGGTGGACAAG	GTGTGCCAGCMGCCGCGGTAA	8	D3
ACGCTCCCATCG	GTGTGCCAGCMGCCGCGGTAA	8	D4
AGAGCTCCTCTG	GTGTGCCAGCMGCCGCGGTAA	8	D5
GCGTACGGGTGA	GTGTGCCAGCMGCCGCGGTAA	8	D6
AAGCGTACATTG	GTGTGCCAGCMGCCGCGGTAA	8	D7
CTGTTACAGCGA	GTGTGCCAGCMGCCGCGGTAA	8	D8
CCGAGTACAATC	GTGTGCCAGCMGCCGCGGTAA	8	D9
GGTCTCCTACAG	GTGTGCCAGCMGCCGCGGTAA	8	D10
CTCCTGTCCGGA	GTGTGCCAGCMGCCGCGGTAA	8	D11
AGCCTGGTACCT	GTGTGCCAGCMGCCGCGGTAA	8	D12
GGTCGAATTGCT	GTGTGCCAGCMGCCGCGGTAA	8	E1
TCAACTATGTCT	GTGTGCCAGCMGCCGCGGTAA	8	E2
TATAGAAGAATG	GTGTGCCAGCMGCCGCGGTAA	8	E3
CTAATATTTGAA	GTGTGCCAGCMGCCGCGGTAA	8	E4
GAGCATTACATG	GTGTGCCAGCMGCCGCGGTAA	8	E5
ATATACCTGCGG	GTGTGCCAGCMGCCGCGGTAA	8	E6
CAATATTCAATA	GTGTGCCAGCMGCCGCGGTAA	8	E7
AAGTGCTTGGTA	GTGTGCCAGCMGCCGCGGTAA	8	E8
GCGGAGCACGTC	GTGTGCCAGCMGCCGCGGTAA	8	E9
TCCCGCCTACGC	GTGTGCCAGCMGCCGCGGTAA	8	E10
CCTGGTGTCCGT	GTGTGCCAGCMGCCGCGGTAA	8	E11
GGTCCCGAAATT	GTGTGCCAGCMGCCGCGGTAA	8	E12
TTACCACATCTA	GTGTGCCAGCMGCCGCGGTAA	8	F1
TGGCATGTTGGT	GTGTGCCAGCMGCCGCGGTAA	8	F2
GTGTGCTAACGT	GTGTGCCAGCMGCCGCGGTAA	8	F3
TGAGTTCGGTCC	GTGTGCCAGCMGCCGCGGTAA	8	F4
AGACAAGCTTCC	GTGTGCCAGCMGCCGCGGTAA	8	F5
TATAATCCGAGG	GTGTGCCAGCMGCCGCGGTAA	8	F6
ATAAAGAGGAGG	GTGTGCCAGCMGCCGCGGTAA	8	F7
AGTTTGCGAGAT	GTGTGCCAGCMGCCGCGGTAA	8	F8
AAGCTAAAGCTA	GTGTGCCAGCMGCCGCGGTAA	8	F9
ACCCTGGGTATC	GTGTGCCAGCMGCCGCGGTAA	8	F10
GGAAGCTTAACT	GTGTGCCAGCMGCCGCGGTAA	8	F11
GACAATTCCGAA	GTGTGCCAGCMGCCGCGGTAA	8	F12
ATGCAACTCGAA	GTGTGCCAGCMGCCGCGGTAA	8	G1
ATCATCTCGGCG	GTGTGCCAGCMGCCGCGGTAA	8	G2
GTCTATACATAT	GTGTGCCAGCMGCCGCGGTAA	8	G3
CTCAGGAGACTT	GTGTGCCAGCMGCCGCGGTAA	8	G4
CATCCTGAGCAA	GTGTGCCAGCMGCCGCGGTAA	8	G5
GTGACTAGTGAT	GTGTGCCAGCMGCCGCGGTAA	8	G6
TCATGTGAACGA	GTGTGCCAGCMGCCGCGGTAA	8	G7
CACTTGCTCTCT	GTGTGCCAGCMGCCGCGGTAA	8	G8
ACAATCCCGAGT	GTGTGCCAGCMGCCGCGGTAA	8	G9
GTTCCCAACGGT	GTGTGCCAGCMGCCGCGGTAA	8	G10
ATAATCTAATCC	GTGTGCCAGCMGCCGCGGTAA	8	G11
TAGGTCTAGGTC	GTGTGCCAGCMGCCGCGGTAA	8	G12
TTGGTGCCTGTG	GTGTGCCAGCMGCCGCGGTAA	8	H1
ATTGGGACATAA	GTGTGCCAGCMGCCGCGGTAA	8	H2
AGTTCGGCATTG	GTGTGCCAGCMGCCGCGGTAA	8	H3
TCTGATCGAGGT	GTGTGCCAGCMGCCGCGGTAA	8	H4
GAATGACGTTTG	GTGTGCCAGCMGCCGCGGTAA	8	H5
GAAGGAAAGTAG	GTGTGCCAGCMGCCGCGGTAA	8	H6
AACTGGAACCCT	GTGTGCCAGCMGCCGCGGTAA	8	H7
AGGAATACTCAC	GTGTGCCAGCMGCCGCGGTAA	8	H8
CCATCGACGCTC	GTGTGCCAGCMGCCGCGGTAA	8	H9
GTCACCAATCCG	GTGTGCCAGCMGCCGCGGTAA	8	H10
GCCAGGCTTCCT	GTGTGCCAGCMGCCGCGGTAA	8	H11
GCACCAATCTGC	GTGTGCCAGCMGCCGCGGTAA	8	H12